<?xml version="1.0" encoding="UTF-8"?>
<beans xmlns="http://www.springframework.org/schema/beans"
	xmlns:xsi="http://www.w3.org/2001/XMLSchema-instance"
	xsi:schemaLocation="
        http://www.springframework.org/schema/beans http://www.springframework.org/schema/beans/spring-beans.xsd">

	<bean id="car" class="com.mph.setterinj.Car">
		<constructor-arg name="name" value="Hyndai" />
		<constructor-arg name="model" value="Santro" />
	</bean>

	<bean id="user" class="com.mph.setterinj.User">
		<constructor-arg name="userName" value="Uday" />
		<constructor-arg name="car" ref="car" />
	</bean>


</beans>
