<?xml version="1.0" encoding="UTF-8"?>
<beans xmlns="http://www.springframework.org/schema/beans"
    xmlns:xsi="http://www.w3.org/2001/XMLSchema-instance"
    xmlns:context="http://www.springframework.org/schema/context" xsi:schemaLocation="
        http://www.springframework.org/schema/beans http://www.springframework.org/schema/beans/spring-beans.xsd
        http://www.springframework.org/schema/context http://www.springframework.org/schema/context/spring-context.xsd"> <!-- bean definitions here -->

	<context:annotation-config></context:annotation-config>
   <context:property-placeholder location="classpath:database.properties"/>
   <bean id="dao" class="com.mph.props.MyDao">
   		<property name="dbname" value="${dbname}"></property>
   		<property name="uname" value="${uname}"></property>
   		<property name="password" value="${pwd}"></property>
   </bean>
	


</beans>
