<?xml version="1.0" encoding="UTF-8"?>
<beans xmlns="http://www.springframework.org/schema/beans"
	xmlns:xsi="http://www.w3.org/2001/XMLSchema-instance"
	xmlns:context="http://www.springframework.org/schema/context"
	xsi:schemaLocation="
        http://www.springframework.org/schema/beans http://www.springframework.org/schema/beans/spring-beans.xsd
        http://www.springframework.org/schema/context http://www.springframework.org/schema/context/spring-context.xsd"> <!-- bean definitions here -->

	<context:annotation-config></context:annotation-config>


	<bean id="school" class="com.mph.lc.anno.School">
		<property name="id" value="101" />
		<property name="schoolName" value="Chinmaya"></property>
		<property name="dept">
			<list>
				<value>IT</value>
				<value>Maths</value>
				<value>Science</value>
			</list>			
		</property>
		<property name="address">
			<map>
				<entry key="560018" value="bangalore"/>
				<entry key="425404">
					<value>Dhule</value>
				</entry>
				<entry value="Pune">
					<key>
						<value>410506</value>
					</key>
				</entry>
			</map>		
		</property>
	</bean>




</beans>
