<?xml version="1.0" encoding="UTF-8"?>
<beans xmlns="http://www.springframework.org/schema/beans"
	xmlns:xsi="http://www.w3.org/2001/XMLSchema-instance"
	xmlns:aop="http://www.springframework.org/schema/aop"
	xmlns:context="http://www.springframework.org/schema/context"
	xsi:schemaLocation="
        http://www.springframework.org/schema/beans http://www.springframework.org/schema/beans/spring-beans.xsd
        http://www.springframework.org/schema/aop http://www.springframework.org/schema/aop/spring-aop.xsd
        http://www.springframework.org/schema/context http://www.springframework.org/schema/context/spring-context.xsd">
<context:annotation-config></context:annotation-config>
<aop:aspectj-autoproxy></aop:aspectj-autoproxy>
	<bean id="car" class="com.mph.aop.Car">
		<property name="name" value="Hyndai" />
		<property name="model" value="Santro" />
	</bean>

	<bean id="user" class="com.mph.aop.User">
		<property name="userName" value="Sonal" />
		<property name="car" ref="car" />
	</bean>
	
	<bean id="" class="com.mph.aop.AspectClass"/>


</beans>
